Workbook

Sheet Sheet1
A1: 공 종 | B1: 도면번호 | C1: 기둥번호 | D1: 규 격 | E1: 길 이(mm) | F1: 중 량(kg) | G1: 운송차수계획(13차) | H1: 조정된 차수계획(12차)
A2: =[1]추출용DB!B5 -> K.COLUMN | B2: =[1]추출용DB!C5 -> 1C001 | D2: =[1]추출용DB!D5 -> H506*201*11*19 | E2: =[1]추출용DB!E5 -> 15300 | F2: =[1]추출용DB!G5 -> 3565.2
A3: =[1]추출용DB!B6 -> K.COLUMN | B3: =[1]추출용DB!C6 -> 1C002 | D3: =[1]추출용DB!D6 -> H506*201*11*19 | E3: =[1]추출용DB!E6 -> 12794 | F3: =[1]추출용DB!G6 -> 3367.7
A4: =[1]추출용DB!B7 -> K.COLUMN | B4: =[1]추출용DB!C7 -> 2C001 | D4: =[1]추출용DB!D7 -> H500*200*10*16 | E4: =[1]추출용DB!E7 -> 12800 | F4: =[1]추출용DB!G7 -> 2724.6
A5: =[1]추출용DB!B8 -> K.COLUMN | B5: =[1]추출용DB!C8 -> 2C002 | D5: =[1]추출용DB!D8 -> H500*200*10*16 | E5: =[1]추출용DB!E8 -> 12794 | F5: =[1]추출용DB!G8 -> 3123.6
A6: =[1]추출용DB!B9 -> K.COLUMN | B6: =[1]추출용DB!C9 -> 3C001 | D6: =[1]추출용DB!D9 -> H500*200*10*16 | E6: =[1]추출용DB!E9 -> 12000 | F6: =[1]추출용DB!G9 -> 2600
A7: =[1]추출용DB!B10 -> K.COLUMN | B7: =[1]추출용DB!C10 -> 3C002 | D7: =[1]추출용DB!D10 -> H500*200*10*16 | E7: =[1]추출용DB!E10 -> 11994 | F7: =[1]추출용DB!G10 -> 2828.6
A8: =[1]추출용DB!B11 -> K.COLUMN | B8: =[1]추출용DB!C11 -> 4C001 | D8: =[1]추출용DB!D11 -> H500*200*10*16 | E8: =[1]추출용DB!E11 -> 13500 | F8: =[1]추출용DB!G11 -> 2908.4
A9: =[1]추출용DB!B12 -> K.COLUMN | B9: =[1]추출용DB!C12 -> 4C002 | D9: =[1]추출용DB!D12 -> H500*200*10*16 | E9: =[1]추출용DB!E12 -> 11994 | F9: =[1]추출용DB!G12 -> 2828.6
A10: =[1]추출용DB!B23 -> K.COLUMN | B10: =[1]추출용DB!C23 -> 10C001 | D10: =[1]추출용DB!D23 -> H506*201*11*19 | E10: =[1]추출용DB!E23 -> 12800 | F10: =[1]추출용DB!G23 -> 2991.2
A11: =[1]추출용DB!B24 -> K.COLUMN | B11: =[1]추출용DB!C24 -> 10C002 | D11: =[1]추출용DB!D24 -> H506*201*11*19 | E11: =[1]추출용DB!E24 -> 12794 | F11: =[1]추출용DB!G24 -> 3351.4
A12: =[1]추출용DB!B25 -> K.COLUMN | B12: =[1]추출용DB!C25 -> 11C001 | D12: =[1]추출용DB!D25 -> H506*201*11*19 | E12: =[1]추출용DB!E25 -> 12800 | F12: =[1]추출용DB!G25 -> 2991.2
A13: =[1]추출용DB!B26 -> K.COLUMN | B13: =[1]추출용DB!C26 -> 11C002 | D13: =[1]추출용DB!D26 -> H506*201*11*19 | E13: =[1]추출용DB!E26 -> 12794 | F13: =[1]추출용DB!G26 -> 3320.3
A14: =[1]추출용DB!B27 -> K.COLUMN | B14: =[1]추출용DB!C27 -> 12C001 | D14: =[1]추출용DB!D27 -> H500*200*10*16 | E14: =[1]추출용DB!E27 -> 12800 | F14: =[1]추출용DB!G27 -> 2676.3
A15: =[1]추출용DB!B28 -> K.COLUMN | B15: =[1]추출용DB!C28 -> 12C002 | D15: =[1]추출용DB!D28 -> H500*200*10*16 | E15: =[1]추출용DB!E28 -> 12794 | F15: =[1]추출용DB!G28 -> 3052.9
A16: =[1]추출용DB!B13 -> K.COLUMN | B16: =[1]추출용DB!C13 -> 5C001 | D16: =[1]추출용DB!D13 -> H500*200*10*16 | E16: =[1]추출용DB!E13 -> 12800 | F16: =[1]추출용DB!G13 -> 2569.5
A17: =[1]추출용DB!B14 -> K.COLUMN | B17: =[1]추출용DB!C14 -> 5C002 | D17: =[1]추출용DB!D14 -> H500*200*10*16 | E17: =[1]추출용DB!E14 -> 11994 | F17: =[1]추출용DB!G14 -> 2828.6
A18: =[1]추출용DB!B41 -> K.COLUMN | B18: =[1]추출용DB!C41 -> 19C001 | D18: =[1]추출용DB!D41 -> H500*200*10*16 | E18: =[1]추출용DB!E41 -> 12800 | F18: =[1]추출용DB!G41 -> 2569.5
A19: =[1]추출용DB!B42 -> K.COLUMN | B19: =[1]추출용DB!C42 -> 19C002 | D19: =[1]추출용DB!D42 -> H500*200*10*16 | E19: =[1]추출용DB!E42 -> 11994 | F19: =[1]추출용DB!G42 -> 2828.6
A20: =[1]추출용DB!B43 -> K.COLUMN | B20: =[1]추출용DB!C43 -> 20C001 | D20: =[1]추출용DB!D43 -> H500*200*10*16 | E20: =[1]추출용DB!E43 -> 11500 | F20: =[1]추출용DB!G43 -> 2340.2
A21: =[1]추출용DB!B44 -> K.COLUMN | B21: =[1]추출용DB!C44 -> 20C002 | D21: =[1]추출용DB!D44 -> H500*200*10*16 | E21: =[1]추출용DB!E44 -> 11994 | F21: =[1]추출용DB!G44 -> 2828.6
A22: =[1]추출용DB!B15 -> K.COLUMN | B22: =[1]추출용DB!C15 -> 6C001 | D22: =[1]추출용DB!D15 -> H506*201*11*19 | E22: =[1]추출용DB!E15 -> 12800 | F22: =[1]추출용DB!G15 -> 2903.4
A23: =[1]추출용DB!B16 -> K.COLUMN | B23: =[1]추출용DB!C16 -> 6C002 | D23: =[1]추출용DB!D16 -> H506*201*11*19 | E23: =[1]추출용DB!E16 -> 11994 | F23: =[1]추출용DB!G16 -> 3151.3
A24: =[1]추출용DB!B17 -> T.COLUMN | B24: =[1]추출용DB!C17 -> 7TC001 | D24: =[1]추출용DB!D17 -> H450*200*9*14 | E24: =[1]추출용DB!E17 -> 12800 | F24: =[1]추출용DB!G17 -> 2152.6
A25: =[1]추출용DB!B18 -> T.COLUMN | B25: =[1]추출용DB!C18 -> 7TC002 | D25: =[1]추출용DB!D18 -> H450*200*9*14 | E25: =[1]추출용DB!E18 -> 12794 | F25: =[1]추출용DB!G18 -> 2473
A26: =[1]추출용DB!B19 -> T.COLUMN | B26: =[1]추출용DB!C19 -> 8TC001 | D26: =[1]추출용DB!D19 -> H450*200*9*14 | E26: =[1]추출용DB!E19 -> 14200 | F26: =[1]추출용DB!G19 -> 2433
A27: =[1]추출용DB!B20 -> T.COLUMN | B27: =[1]추출용DB!C20 -> 8TC002 | D27: =[1]추출용DB!D20 -> H450*200*9*14 | E27: =[1]추출용DB!E20 -> 12794 | F27: =[1]추출용DB!G20 -> 2679
A28: =[1]추출용DB!B21 -> K.COLUMN | B28: =[1]추출용DB!C21 -> 9C001 | D28: =[1]추출용DB!D21 -> H506*201*11*19 | E28: =[1]추출용DB!E21 -> 13300 | F28: =[1]추출용DB!G21 -> 3024.3
A29: =[1]추출용DB!B22 -> K.COLUMN | B29: =[1]추출용DB!C22 -> 9C002 | D29: =[1]추출용DB!D22 -> H506*201*11*19 | E29: =[1]추출용DB!E22 -> 12794 | F29: =[1]추출용DB!G22 -> 3301.8
A30: =[1]추출용DB!B31 -> K.COLUMN | B30: =[1]추출용DB!C31 -> 14C001 | D30: =[1]추출용DB!D31 -> H506*201*11*19 | E30: =[1]추출용DB!E31 -> 13300 | F30: =[1]추출용DB!G31 -> 3024.3
A31: =[1]추출용DB!B32 -> K.COLUMN | B31: =[1]추출용DB!C32 -> 14C002 | D31: =[1]추출용DB!D32 -> H506*201*11*19 | E31: =[1]추출용DB!E32 -> 12794 | F31: =[1]추출용DB!G32 -> 3332.9
A32: =[1]추출용DB!B29 -> K.COLUMN | B32: =[1]추출용DB!C29 -> 13C001 | D32: =[1]추출용DB!D29 -> H506*201*11*19 | E32: =[1]추출용DB!E29 -> 12800 | F32: =[1]추출용DB!G29 -> 3010.7
A33: =[1]추출용DB!B30 -> K.COLUMN | B33: =[1]추출용DB!C30 -> 13C002 | D33: =[1]추출용DB!D30 -> H506*201*11*19 | E33: =[1]추출용DB!E30 -> 12794 | F33: =[1]추출용DB!G30 -> 3365.4
A34: =[1]추출용DB!B39 -> K.COLUMN | B34: =[1]추출용DB!C39 -> 18C001 | D34: =[1]추출용DB!D39 -> H506*201*11*19 | E34: =[1]추출용DB!E39 -> 12800 | F34: =[1]추출용DB!G39 -> 2903.4
A35: =[1]추출용DB!B40 -> K.COLUMN | B35: =[1]추출용DB!C40 -> 18C002 | D35: =[1]추출용DB!D40 -> H506*201*11*19 | E35: =[1]추출용DB!E40 -> 11994 | F35: =[1]추출용DB!G40 -> 3151.3
A36: =[1]추출용DB!B37 -> T.COLUMN | B36: =[1]추출용DB!C37 -> 17TC001 | D36: =[1]추출용DB!D37 -> H450*200*9*14 | E36: =[1]추출용DB!E37 -> 14200 | F36: =[1]추출용DB!G37 -> 2361.3
A37: =[1]추출용DB!B38 -> T.COLUMN | B37: =[1]추출용DB!C38 -> 17TC002 | D37: =[1]추출용DB!D38 -> H450*200*9*14 | E37: =[1]추출용DB!E38 -> 12794 | F37: =[1]추출용DB!G38 -> 2454.4
A38: =[1]추출용DB!B35 -> K.COLUMN | B38: =[1]추출용DB!C35 -> 16C001 | D38: =[1]추출용DB!D35 -> H500*200*10*16 | E38: =[1]추출용DB!E35 -> 14200 | F38: =[1]추출용DB!G35 -> 2836
A39: =[1]추출용DB!B36 -> K.COLUMN | B39: =[1]추출용DB!C36 -> 16C002 | D39: =[1]추출용DB!D36 -> H500*200*10*16 | E39: =[1]추출용DB!E36 -> 12794 | F39: =[1]추출용DB!G36 -> 3098.6
A40: =[1]추출용DB!B33 -> T.COLUMN | B40: =[1]추출용DB!C33 -> 15TC001 | D40: =[1]추출용DB!D33 -> H450*200*9*14 | E40: =[1]추출용DB!E33 -> 14200 | F40: =[1]추출용DB!G33 -> 2433
A41: =[1]추출용DB!B34 -> T.COLUMN | B41: =[1]추출용DB!C34 -> 15TC002 | D41: =[1]추출용DB!D34 -> H450*200*9*14 | E41: =[1]추출용DB!E34 -> 12794 | F41: =[1]추출용DB!G34 -> 2557.3
A42: =[1]추출용DB!B49 -> K.COLUMN | B42: =[1]추출용DB!C49 -> 23C001 | D42: =[1]추출용DB!D49 -> H506*201*11*19 | E42: =[1]추출용DB!E49 -> 12800 | F42: =[1]추출용DB!G49 -> 3010.7
A43: =[1]추출용DB!B50 -> K.COLUMN | B43: =[1]추출용DB!C50 -> 23C002 | D43: =[1]추출용DB!D50 -> H506*201*11*19 | E43: =[1]추출용DB!E50 -> 12594 | F43: =[1]추출용DB!G50 -> 3390.5
A44: =[1]추출용DB!B47 -> K.COLUMN | B44: =[1]추출용DB!C47 -> 22C001 | D44: =[1]추출용DB!D47 -> H500*200*10*16 | E44: =[1]추출용DB!E47 -> 12800 | F44: =[1]추출용DB!G47 -> 2589.1
A45: =[1]추출용DB!B48 -> K.COLUMN | B45: =[1]추출용DB!C48 -> 22C002 | D45: =[1]추출용DB!D48 -> H500*200*10*16 | E45: =[1]추출용DB!E48 -> 12594 | F45: =[1]추출용DB!G48 -> 3003.7
A46: =[1]추출용DB!B45 -> K.COLUMN | B46: =[1]추출용DB!C45 -> 21C001 | D46: =[1]추출용DB!D45 -> H506*201*11*19 | E46: =[1]추출용DB!E45 -> 12800 | F46: =[1]추출용DB!G45 -> 2903.4
A47: =[1]추출용DB!B46 -> K.COLUMN | B47: =[1]추출용DB!C46 -> 21C002 | D47: =[1]추출용DB!D46 -> H506*201*11*19 | E47: =[1]추출용DB!E46 -> 11994 | F47: =[1]추출용DB!G46 -> 3182.5
A48: =[1]추출용DB!B53 -> K.COLUMN | B48: =[1]추출용DB!C53 -> 25C001 | D48: =[1]추출용DB!D53 -> H500*200*10*16 | E48: =[1]추출용DB!E53 -> 12800 | F48: =[1]추출용DB!G53 -> 2589.1
A49: =[1]추출용DB!B54 -> K.COLUMN | B49: =[1]추출용DB!C54 -> 25C002 | D49: =[1]추출용DB!D54 -> H500*200*10*16 | E49: =[1]추출용DB!E54 -> 12594 | F49: =[1]추출용DB!G54 -> 3082.9
A50: =[1]추출용DB!B51 -> K.COLUMN | B50: =[1]추출용DB!C51 -> 24C001 | D50: =[1]추출용DB!D51 -> H506*201*11*19 | E50: =[1]추출용DB!E51 -> 12800 | F50: =[1]추출용DB!G51 -> 3010.7
A51: =[1]추출용DB!B52 -> K.COLUMN | B51: =[1]추출용DB!C52 -> 24C002 | D51: =[1]추출용DB!D52 -> H506*201*11*19 | E51: =[1]추출용DB!E52 -> 12594 | F51: =[1]추출용DB!G52 -> 3414.9
A52: =[1]추출용DB!B61 -> K.COLUMN | B52: =[1]추출용DB!C61 -> 29C001 | D52: =[1]추출용DB!D61 -> H500*200*10*16 | E52: =[1]추출용DB!E61 -> 12000 | F52: =[1]추출용DB!G61 -> 2535.2
A53: =[1]추출용DB!B62 -> K.COLUMN | B53: =[1]추출용DB!C62 -> 29C002 | D53: =[1]추출용DB!D62 -> H500*200*10*16 | E53: =[1]추출용DB!E62 -> 11994 | F53: =[1]추출용DB!G62 -> 2828.6
A54: =[1]추출용DB!B63 -> K.COLUMN | B54: =[1]추출용DB!C63 -> 30C001 | D54: =[1]추출용DB!D63 -> H500*200*10*16 | E54: =[1]추출용DB!E63 -> 12000 | F54: =[1]추출용DB!G63 -> 2535.2
A55: =[1]추출용DB!B64 -> K.COLUMN | B55: =[1]추출용DB!C64 -> 30C002 | D55: =[1]추출용DB!D64 -> H500*200*10*16 | E55: =[1]추출용DB!E64 -> 11994 | F55: =[1]추출용DB!G64 -> 3020
A56: =[1]추출용DB!B57 -> K.COLUMN | B56: =[1]추출용DB!C57 -> 27C001 | D56: =[1]추출용DB!D57 -> H500*200*10*16 | E56: =[1]추출용DB!E57 -> 11500 | F56: =[1]추출용DB!G57 -> 2325.2
A57: =[1]추출용DB!B58 -> K.COLUMN | B57: =[1]추출용DB!C58 -> 27C002 | D57: =[1]추출용DB!D58 -> H500*200*10*16 | E57: =[1]추출용DB!E58 -> 11994 | F57: =[1]추출용DB!G58 -> 2813.6
A58: =[1]추출용DB!B55 -> K.COLUMN | B58: =[1]추출용DB!C55 -> 26C001 | D58: =[1]추출용DB!D55 -> H506*201*11*19 | E58: =[1]추출용DB!E55 -> 12300 | F58: =[1]추출용DB!G55 -> 2802.2
A59: =[1]추출용DB!B56 -> K.COLUMN | B59: =[1]추출용DB!C56 -> 26C002 | D59: =[1]추출용DB!D56 -> H506*201*11*19 | E59: =[1]추출용DB!E56 -> 11994 | F59: =[1]추출용DB!G56 -> 3151.3
A60: =[1]추출용DB!B59 -> K.COLUMN | B60: =[1]추출용DB!C59 -> 28C001 | D60: =[1]추출용DB!D59 -> H400*200*8*13 | E60: =[1]추출용DB!E59 -> 11500 | F60: =[1]추출용DB!G59 -> 1714.6
A61: =[1]추출용DB!B60 -> K.COLUMN | B61: =[1]추출용DB!C60 -> 28C002 | D61: =[1]추출용DB!D60 -> H400*200*8*13 | E61: =[1]추출용DB!E60 -> 11994 | F61: =[1]추출용DB!G60 -> 2053.6
A62: =[1]추출용DB!B67 -> K.COLUMN | B62: =[1]추출용DB!C67 -> 32C001 | D62: =[1]추출용DB!D67 -> H506*201*11*19 | E62: =[1]추출용DB!E67 -> 12300 | F62: =[1]추출용DB!G67 -> 2802.2
A63: =[1]추출용DB!B68 -> K.COLUMN | B63: =[1]추출용DB!C68 -> 32C002 | D63: =[1]추출용DB!D68 -> H506*201*11*19 | E63: =[1]추출용DB!E68 -> 12794 | F63: =[1]추출용DB!G68 -> 3510.9
A64: =[1]추출용DB!B77 -> K.COLUMN | B64: =[1]추출용DB!C77 -> 37C001 | D64: =[1]추출용DB!D77 -> H506*201*11*19 | E64: =[1]추출용DB!E77 -> 12800 | F64: =[1]추출용DB!G77 -> 2946.3
A65: =[1]추출용DB!B78 -> K.COLUMN | B65: =[1]추출용DB!C78 -> 37C002 | D65: =[1]추출용DB!D78 -> H506*201*11*19 | E65: =[1]추출용DB!E78 -> 12794 | F65: =[1]추출용DB!G78 -> 3595.2
A66: =[1]추출용DB!B79 -> T.COLUMN | B66: =[1]추출용DB!C79 -> 38TC001 | D66: =[1]추출용DB!D79 -> H450*200*9*14 | E66: =[1]추출용DB!E79 -> 14200 | F66: =[1]추출용DB!G79 -> 2363
A67: =[1]추출용DB!B80 -> T.COLUMN | B67: =[1]추출용DB!C80 -> 38TC002 | D67: =[1]추출용DB!D80 -> H450*200*9*14 | E67: =[1]추출용DB!E80 -> 11994 | F67: =[1]추출용DB!G80 -> 2345.4
A68: =[1]추출용DB!B81 -> T.COLUMN | B68: =[1]추출용DB!C81 -> 39TC001 | D68: =[1]추출용DB!D81 -> H450*200*9*14 | E68: =[1]추출용DB!E81 -> 14200 | F68: =[1]추출용DB!G81 -> 2358.3
A69: =[1]추출용DB!B82 -> T.COLUMN | B69: =[1]추출용DB!C82 -> 39TC002 | D69: =[1]추출용DB!D82 -> H450*200*9*14 | E69: =[1]추출용DB!E82 -> 11994 | F69: =[1]추출용DB!G82 -> 2319.9
A70: =[1]추출용DB!B103 -> K.COLUMN | B70: =[1]추출용DB!C103 -> 50C001 | D70: =[1]추출용DB!D103 -> H506*201*11*19 | E70: =[1]추출용DB!E103 -> 12800 | F70: =[1]추출용DB!G103 -> 2939.7
A71: =[1]추출용DB!B104 -> K.COLUMN | B71: =[1]추출용DB!C104 -> 50C002 | D71: =[1]추출용DB!D104 -> H506*201*11*19 | E71: =[1]추출용DB!E104 -> 11394 | F71: =[1]추출용DB!G104 -> 3171.4
A72: =[1]추출용DB!B101 -> K.COLUMN | B72: =[1]추출용DB!C101 -> 49C001 | D72: =[1]추출용DB!D101 -> H450*200*9*14 | E72: =[1]추출용DB!E101 -> 12300 | F72: =[1]추출용DB!G101 -> 2102
A73: =[1]추출용DB!B102 -> K.COLUMN | B73: =[1]추출용DB!C102 -> 49C002 | D73: =[1]추출용DB!D102 -> H450*200*9*14 | E73: =[1]추출용DB!E102 -> 10894 | F73: =[1]추출용DB!G102 -> 2327.9
A74: =[1]추출용DB!B99 -> K.COLUMN | B74: =[1]추출용DB!C99 -> 48C001 | D74: =[1]추출용DB!D99 -> H450*200*9*14 | E74: =[1]추출용DB!E99 -> 12300 | F74: =[1]추출용DB!G99 -> 2133.2
A75: =[1]추출용DB!B100 -> K.COLUMN | B75: =[1]추출용DB!C100 -> 48C002 | D75: =[1]추출용DB!D100 -> H450*200*9*14 | E75: =[1]추출용DB!E100 -> 10894 | F75: =[1]추출용DB!G100 -> 2258.4
A76: =[1]추출용DB!B93 -> K.COLUMN | B76: =[1]추출용DB!C93 -> 45C001 | D76: =[1]추출용DB!D93 -> H506*201*11*19 | E76: =[1]추출용DB!E93 -> 13300 | F76: =[1]추출용DB!G93 -> 3024.3
A77: =[1]추출용DB!B94 -> K.COLUMN | B77: =[1]추출용DB!C94 -> 45C002 | D77: =[1]추출용DB!D94 -> H506*201*11*19 | E77: =[1]추출용DB!E94 -> 11794 | F77: =[1]추출용DB!G94 -> 3328.3
A78: =[1]추출용DB!B91 -> K.COLUMN | B78: =[1]추출용DB!C91 -> 44C001 | D78: =[1]추출용DB!D91 -> H506*201*11*19 | E78: =[1]추출용DB!E91 -> 14200 | F78: =[1]추출용DB!G91 -> 3223
A79: =[1]추출용DB!B92 -> K.COLUMN | B79: =[1]추출용DB!C92 -> 44C002 | D79: =[1]추출용DB!D92 -> H506*201*11*19 | E79: =[1]추출용DB!E92 -> 11994 | F79: =[1]추출용DB!G92 -> 3503.1
A80: =[1]추출용DB!B89 -> T.COLUMN | B80: =[1]추출용DB!C89 -> 43TC001 | D80: =[1]추출용DB!D89 -> H450*200*9*14 | E80: =[1]추출용DB!E89 -> 12800 | F80: =[1]추출용DB!G89 -> 2180.5
A81: =[1]추출용DB!B90 -> T.COLUMN | B81: =[1]추출용DB!C90 -> 43TC002 | D81: =[1]추출용DB!D90 -> H450*200*9*14 | E81: =[1]추출용DB!E90 -> 11994 | F81: =[1]추출용DB!G90 -> 2367.7
A82: =[1]추출용DB!B83 -> T.COLUMN | B82: =[1]추출용DB!C83 -> 40TC001 | D82: =[1]추출용DB!D83 -> H450*200*9*14 | E82: =[1]추출용DB!E83 -> 14200 | F82: =[1]추출용DB!G83 -> 2389.2
A83: =[1]추출용DB!B84 -> T.COLUMN | B83: =[1]추출용DB!C84 -> 40TC002 | D83: =[1]추출용DB!D84 -> H450*200*9*14 | E83: =[1]추출용DB!E84 -> 11994 | F83: =[1]추출용DB!G84 -> 2382.3
A84: =[1]추출용DB!B75 -> T.COLUMN | B84: =[1]추출용DB!C75 -> 36TC001 | D84: =[1]추출용DB!D75 -> H450*200*9*14 | E84: =[1]추출용DB!E75 -> 12800 | F84: =[1]추출용DB!G75 -> 2217.7
A85: =[1]추출용DB!B76 -> T.COLUMN | B85: =[1]추출용DB!C76 -> 36TC002 | D85: =[1]추출용DB!D76 -> H450*200*9*14 | E85: =[1]추출용DB!E76 -> 12194 | F85: =[1]추출용DB!G76 -> 2558.8
A86: =[1]추출용DB!B69 -> K.COLUMN | B86: =[1]추출용DB!C69 -> 33C001 | D86: =[1]추출용DB!D69 -> H506*201*11*19 | E86: =[1]추출용DB!E69 -> 13300 | F86: =[1]추출용DB!G69 -> 2985.4
A87: =[1]추출용DB!B70 -> K.COLUMN | B87: =[1]추출용DB!C70 -> 33C002 | D87: =[1]추출용DB!D70 -> H506*201*11*19 | E87: =[1]추출용DB!E70 -> 12194 | F87: =[1]추출용DB!G70 -> 3241.4
A88: =[1]추출용DB!B65 -> K.COLUMN | B88: =[1]추출용DB!C65 -> 31C001 | D88: =[1]추출용DB!D65 -> H500*200*10*16 | E88: =[1]추출용DB!E65 -> 12000 | F88: =[1]추출용DB!G65 -> 2428.4
A89: =[1]추출용DB!B66 -> K.COLUMN | B89: =[1]추출용DB!C66 -> 31C002 | D89: =[1]추출용DB!D66 -> H500*200*10*16 | E89: =[1]추출용DB!E66 -> 11994 | F89: =[1]추출용DB!G66 -> 2847
A90: =[1]추출용DB!B71 -> K.COLUMN | B90: =[1]추출용DB!C71 -> 34C001 | D90: =[1]추출용DB!D71 -> H506*201*11*19 | E90: =[1]추출용DB!E71 -> 12800 | F90: =[1]추출용DB!G71 -> 3010.7
A91: =[1]추출용DB!B72 -> K.COLUMN | B91: =[1]추출용DB!C72 -> 34C002 | D91: =[1]추출용DB!D72 -> H506*201*11*19 | E91: =[1]추출용DB!E72 -> 12194 | F91: =[1]추출용DB!G72 -> 3408
A92: =[1]추출용DB!B73 -> K.COLUMN | B92: =[1]추출용DB!C73 -> 35C001 | D92: =[1]추출용DB!D73 -> H506*201*11*19 | E92: =[1]추출용DB!E73 -> 12800 | F92: =[1]추출용DB!G73 -> 2903.4
A93: =[1]추출용DB!B74 -> K.COLUMN | B93: =[1]추출용DB!C74 -> 35C002 | D93: =[1]추출용DB!D74 -> H506*201*11*19 | E93: =[1]추출용DB!E74 -> 11794 | F93: =[1]추출용DB!G74 -> 3357.5
A94: =[1]추출용DB!B85 -> K.COLUMN | B94: =[1]추출용DB!C85 -> 41C001 | D94: =[1]추출용DB!D85 -> H506*201*11*19 | E94: =[1]추출용DB!E85 -> 12800 | F94: =[1]추출용DB!G85 -> 2888.4
A95: =[1]추출용DB!B86 -> K.COLUMN | B95: =[1]추출용DB!C86 -> 41C002 | D95: =[1]추출용DB!D86 -> H506*201*11*19 | E95: =[1]추출용DB!E86 -> 11794 | F95: =[1]추출용DB!G86 -> 3129.5
A96: =[1]추출용DB!B87 -> K.COLUMN | B96: =[1]추출용DB!C87 -> 42C001 | D96: =[1]추출용DB!D87 -> H506*201*11*19 | E96: =[1]추출용DB!E87 -> 12800 | F96: =[1]추출용DB!G87 -> 2923.2
A97: =[1]추출용DB!B88 -> K.COLUMN | B97: =[1]추출용DB!C88 -> 42C002 | D97: =[1]추출용DB!D88 -> H506*201*11*19 | E97: =[1]추출용DB!E88 -> 11794 | F97: =[1]추출용DB!G88 -> 3195.4
A98: =[1]추출용DB!B95 -> K.COLUMN | B98: =[1]추출용DB!C95 -> 46C001 | D98: =[1]추출용DB!D95 -> H506*201*11*19 | E98: =[1]추출용DB!E95 -> 12800 | F98: =[1]추출용DB!G95 -> 2923.2
A99: =[1]추출용DB!B96 -> K.COLUMN | B99: =[1]추출용DB!C96 -> 46C002 | D99: =[1]추출용DB!D96 -> H506*201*11*19 | E99: =[1]추출용DB!E96 -> 11794 | F99: =[1]추출용DB!G96 -> 3328.3
A100: =[1]추출용DB!B97 -> K.COLUMN | B100: =[1]추출용DB!C97 -> 47C001 | D100: =[1]추출용DB!D97 -> H506*201*11*19 | E100: =[1]추출용DB!E97 -> 12800 | F100: =[1]추출용DB!G97 -> 2923.2
...
